-- Seed data generated from prepared CMU new-student FAQ CSV.
-- Source file: ฐานเบื้องต้น - ชีต1 (1).csv

insert into public.sources (id, name, url, source_type, last_verified_at)
values
  ('1590cf83-43a0-5089-ae06-ee0a1594f378', 'ประกาศ เรื่อง การรายงานตัวขึ้นทะเบียนเป็นนักศึกษามหาวิทยาลัยเชียงใหม่.pdf', 'https://stdinfo.reg.cmu.ac.th', 'document', '2026-06-02'),
  ('5dc90435-82ab-5b14-b5f4-e2b5fc75d861', 'ขั้นตอนการรายงานตัว.pdf', 'https://stdinfo.reg.cmu.ac.th', 'document', '2026-06-02'),
  ('498589c6-d94f-5588-9381-fe7765eac4af', 'กำหนดการ.pdf', 'https://stdinfo.reg.cmu.ac.th', 'document', '2026-06-02'),
  ('67f97bb4-e715-562e-9514-a5c0374e6058', 'ประกาศ เรื่อง การรายงานตัวขึ้นทะเบียนเป็นนักศึกษามหาวิทยาลัยเชียงใหม่.pdf', 'https://www.reg.cmu.ac.th', 'document', '2026-06-02')
on conflict (id) do update set
  name = excluded.name,
  url = excluded.url,
  source_type = excluded.source_type,
  last_verified_at = excluded.last_verified_at;

insert into public.faqs (id, faq_code, category, question, answer, answer_short, source_id, status)
values
  ('02bf516b-f95e-50e9-bffb-0674c6c6bf3d', '02bf516b-f95e-50e9-bffb-0674c6c6bf3d', 'สร้างบัญชี', 'สร้างบัญชีรายงานตัวใหม่ทำได้วันไหนและช่องทางใดบ้าง', 'ระบบเปิดให้สร้างบัญชีผู้ใช้และบันทึกข้อมูลประวัติตั้งแต่วันที่ 2 มิถุนายน 2569 เวลา 09:00 น. ถึงวันที่ 4 มิถุนายน 2569 เวลา 23:59 น. สามารถเลือกสร้างผ่านแอป ThaID หรือใช้เลขประจำตัวประชาชน/G-Code ร่วมกับ OTP ทางโทรศัพท์และอีเมล', 'ระบบเปิดให้สร้างบัญชีผู้ใช้และบันทึกข้อมูลประวัติตั้งแต่วันที่ 2 มิถุนายน 2569 เวลา 09:00 น. ถึงวันที่ 4 มิถุนายน 2569 เวลา 23:59 น. สามารถเลือกสร้างผ่านแอป ThaID หรือใช้เลขประจำตัวประชาชน/G-Code ร่วมกับ OTP ทางโทรศัพท์และอีเมล', '1590cf83-43a0-5089-ae06-ee0a1594f378', 'active'),
  ('71664f95-ed33-5e0f-9b1d-af424a3e7b03', '71664f95-ed33-5e0f-9b1d-af424a3e7b03', 'พิมพ์เอกสาร', 'เอกสารรายงานตัว มชท 01 เริ่มพิมพ์ได้วันไหน', 'ระบบเปิดให้พิมพ์เอกสารรายงานตัว มชท 01 ได้ตั้งแต่วันที่ 8 มิถุนายน 2569 เวลา 09:00 น. ถึงวันที่ 12 มิถุนายน 2569 เวลา 23:59 น. โดยผู้ที่ยังไม่ได้ระบุเลขที่ใบ ปพ.1 และผลการเรียนเฉลี่ยสะสม จะต้องบันทึกข้อมูลให้ครบถ้วนก่อนสั่งพิมพ์', 'ระบบเปิดให้พิมพ์เอกสารรายงานตัว มชท 01 ได้ตั้งแต่วันที่ 8 มิถุนายน 2569 เวลา 09:00 น. ถึงวันที่ 12 มิถุนายน 2569 เวลา 23:59 น. โดยผู้ที่ยังไม่ได้ระบุเลขที่ใบ ปพ.1 และผลการเรียนเฉลี่ยสะสม จะต้องบันทึกข้อมูลให้ครบถ้วนก่อนสั่งพิมพ์', '1590cf83-43a0-5089-ae06-ee0a1594f378', 'active'),
  ('147fbada-aeff-5842-ad0a-ae2e11976146', '147fbada-aeff-5842-ad0a-ae2e11976146', 'ยืนยันตัวตน', 'วิธีพิสูจน์และยืนยันตัวตนล่วงหน้าทำอย่างไร', 'ผู้รายงานตัวต้องดำเนินการพิสูจน์และยืนยันตัวตนล่วงหน้าก่อนวันรายงานตัว ผ่านเว็บไซต์ สามารถเลือกได้ 2 รูปแบบ คือ 1) ยืนยันตัวตนทางดิจิทัล DOPA-Digital ID (ThaID) 2) ยืนยันตัวตนด้วยรูปถ่ายของผู้รายงานตัวคู่กับบัตรประจำตัวประชาชน/พาสปอร์ต โดยถือบัตรในระดับเดียวกับใบหู', 'ผู้รายงานตัวต้องดำเนินการพิสูจน์และยืนยันตัวตนล่วงหน้าก่อนวันรายงานตัว ผ่านเว็บไซต์ สามารถเลือกได้ 2 รูปแบบ คือ 1) ยืนยันตัวตนทางดิจิทัล DOPA-Digital ID (ThaID) 2) ยืนยันตัวตนด้วยรูปถ่ายของผู้รายงานตัวคู่กับบัตรประจำตัวประชาชน/พาสปอร์ต โดยถือบัตรในระดับเดียวกับใบหู', '5dc90435-82ab-5b14-b5f4-e2b5fc75d861', 'active'),
  ('f4ba9841-36a6-530c-b7fd-4bb9b0a36a65', 'f4ba9841-36a6-530c-b7fd-4bb9b0a36a65', 'เอกสาร', 'นักศึกษาแต่ละคนถูกแบ่งเป็น กลุ่ม A และ กลุ่ม B หมายถึงอะไร', 'ระบบจะจำแนกกลุ่มตามฐานข้อมูลทะเบียนราษฎร ซึ่งจะปรากฏบนเอกสาร มชท 01 ตั้งแต่วันที่ 8 มิ.ย. 2569 เป็นต้นไป เพื่อจัดส่งเอกสารต่างกัน โดย กลุ่ม A ข้อมูลครบถ้วนตามกำหนด ส่วน กลุ่ม B ข้อมูลไม่ครบถ้วนและต้องส่งเอกสารเพิ่มเติมเพื่อยืนยันตัวตน', 'ระบบจะจำแนกกลุ่มตามฐานข้อมูลทะเบียนราษฎร ซึ่งจะปรากฏบนเอกสาร มชท 01 ตั้งแต่วันที่ 8 มิ.ย. 2569 เป็นต้นไป เพื่อจัดส่งเอกสารต่างกัน โดย กลุ่ม A ข้อมูลครบถ้วนตามกำหนด ส่วน กลุ่ม B ข้อมูลไม่ครบถ้วนและต้องส่งเอกสารเพิ่มเติมเพื่อยืนยันตัวตน', '5dc90435-82ab-5b14-b5f4-e2b5fc75d861', 'active'),
  ('5d92ff34-91f2-5ad2-9176-f3c8b2e5c999', '5d92ff34-91f2-5ad2-9176-f3c8b2e5c999', 'เอกสาร', 'นักศึกษากลุ่ม A ต้องอัปโหลดเอกสารอะไรบ้าง', 'เอกสารสำหรับผู้รายงานตัวกลุ่ม A ประกอบด้วย 1. มชท 01 ที่ลงชื่อครบถ้วน 2. รูปถ่ายหน้าตรงทำบัตรนักศึกษา 3. ไฟล์ ปพ.1/ใบแสดงคุณวุฒิสำเร็จการศึกษา 4. รูปถ่ายหน้าตรงคู่กับบัตรประชาชน (กรณีไม่ได้ยืนยันผ่าน ThaID) 5. บัตรประชาชนผู้ปกครอง (กรณีผู้ปกครองมิใช่บิดาหรือมารดา) โดยไฟล์ PDF ไม่เกิน 2MB และรูปภาพไม่เกิน 1MB', 'เอกสารสำหรับผู้รายงานตัวกลุ่ม A ประกอบด้วย 1. มชท 01 ที่ลงชื่อครบถ้วน 2. รูปถ่ายหน้าตรงทำบัตรนักศึกษา 3. ไฟล์ ปพ.1/ใบแสดงคุณวุฒิสำเร็จการศึกษา 4. รูปถ่ายหน้าตรงคู่กับบัตรประชาชน (กรณีไม่ได้ยืนยันผ่าน ThaID) 5. บัตรประชาชนผู้ปกครอง (กรณีผู้ปกครองมิใช่บิดาหรือมารดา) โดยไฟล์ PDF ไม่เกิน 2MB และรูปภาพไม่เกิน 1MB', '5dc90435-82ab-5b14-b5f4-e2b5fc75d861', 'active'),
  ('e0a288b0-b46f-57c4-81e0-3d030e881da1', 'e0a288b0-b46f-57c4-81e0-3d030e881da1', 'เอกสาร', 'นักศึกษากลุ่ม B ต้องอัปโหลดเอกสารอะไรบ้าง', 'เอกสารเพิ่มเติมสำหรับกลุ่ม B ที่ต้องจัดส่งควบคู่กับเอกสารพื้นฐานในข้อ 3.1 ได้แก่ 1. ไฟล์สำเนาทะเบียนบ้านหน้าแรกและหน้าที่มีชื่อนักศึกษา 2. บัตรประจำตัวประชาชนฉบับจริงของบิดา มารดา หรือผู้ปกครอง (กรณีไม่ใช่บิดามารดา) สแกนเป็นไฟล์ประเภท PDF ขนาดไม่เกิน 2 MB', 'เอกสารเพิ่มเติมสำหรับกลุ่ม B ที่ต้องจัดส่งควบคู่กับเอกสารพื้นฐานในข้อ 3.1 ได้แก่ 1. ไฟล์สำเนาทะเบียนบ้านหน้าแรกและหน้าที่มีชื่อนักศึกษา 2. บัตรประจำตัวประชาชนฉบับจริงของบิดา มารดา หรือผู้ปกครอง (กรณีไม่ใช่บิดามารดา) สแกนเป็นไฟล์ประเภท PDF ขนาดไม่เกิน 2 MB', '5dc90435-82ab-5b14-b5f4-e2b5fc75d861', 'active'),
  ('5a003106-fd5f-55f8-91cb-dd358d6368ea', '5a003106-fd5f-55f8-91cb-dd358d6368ea', 'กำหนดการ', 'คณะวิศวะ อุตสาหกรรมเกษตร สื่อสารมวลชน แพทย์ เภสัช และ ICDI ต้องรายงานตัววันไหน', 'กำหนดให้ผู้รายงานตัวสังกัด คณะวิศวกรรมศาสตร์, คณะอุตสาหกรรมเกษตร, คณะการสื่อสารมวลชน, คณะแพทยศาสตร์, คณะเภสัชศาสตร์ และวิทยาลัยนานาชาตินวัตกรรมดิจิทัล ดำเนินการจัดส่งเอกสารประกอบการรายงานตัวผ่านระบบออนไลน์ใน วันอังคารที่ 9 มิถุนายน 2569', 'กำหนดให้ผู้รายงานตัวสังกัด คณะวิศวกรรมศาสตร์, คณะอุตสาหกรรมเกษตร, คณะการสื่อสารมวลชน, คณะแพทยศาสตร์, คณะเภสัชศาสตร์ และวิทยาลัยนานาชาตินวัตกรรมดิจิทัล ดำเนินการจัดส่งเอกสารประกอบการรายงานตัวผ่านระบบออนไลน์ใน วันอังคารที่ 9 มิถุนายน 2569', '498589c6-d94f-5588-9381-fe7765eac4af', 'active'),
  ('a771b52d-db49-53a3-88eb-f38963b03812', 'a771b52d-db49-53a3-88eb-f38963b03812', 'กำหนดการ', 'คณะมนุษยศาสตร์ วิทยาศาสตร์ เกษตร เศรษฐศาสตร์ เทคนิคการแพทย์ และ CAMT ต้องรายงานตัววันไหน', 'กำหนดให้ผู้รายงานตัวสังกัด คณะมนุษยศาสตร์, คณะวิทยาศาสตร์, คณะเกษตรศาสตร์, คณะเศรษฐศาสตร์, คณะเทคนิคการแพทย์ และวิทยาลัยศิลปะ สื่อ และเทคโนโลยี ดำเนินการจัดส่งเอกสารประกอบการรายงานตัวผ่านระบบออนไลน์ใน วันพุธที่ 10 มิถุนายน 2569', 'กำหนดให้ผู้รายงานตัวสังกัด คณะมนุษยศาสตร์, คณะวิทยาศาสตร์, คณะเกษตรศาสตร์, คณะเศรษฐศาสตร์, คณะเทคนิคการแพทย์ และวิทยาลัยศิลปะ สื่อ และเทคโนโลยี ดำเนินการจัดส่งเอกสารประกอบการรายงานตัวผ่านระบบออนไลน์ใน วันพุธที่ 10 มิถุนายน 2569', '498589c6-d94f-5588-9381-fe7765eac4af', 'active'),
  ('27ae2505-5a95-5bc5-a30a-df26f3a7e57f', '27ae2505-5a95-5bc5-a30a-df26f3a7e57f', 'กำหนดการ', 'คณะบริหารธุรกิจ ศึกษาศาสตร์ วิจิตรศิลป์ นิติศาสตร์ สังคมศาสตร์ และรัฐศาสตร์ ต้องรายงานตัววันไหน', 'กำหนดให้ผู้รายงานตัวสังกัด คณะบริหารธุรกิจ, คณะศึกษาศาสตร์, คณะวิจิตรศิลป์, คณะนิติศาสตร์, คณะสังคมศาสตร์ และคณะรัฐศาสตร์และรัฐประศาสนศาสตร์ ดำเนินการจัดส่งเอกสารประกอบการรายงานตัวผ่านระบบออนไลน์ใน วันพฤหัสบดีที่ 11 มิถุนายน 2569', 'กำหนดให้ผู้รายงานตัวสังกัด คณะบริหารธุรกิจ, คณะศึกษาศาสตร์, คณะวิจิตรศิลป์, คณะนิติศาสตร์, คณะสังคมศาสตร์ และคณะรัฐศาสตร์และรัฐประศาสนศาสตร์ ดำเนินการจัดส่งเอกสารประกอบการรายงานตัวผ่านระบบออนไลน์ใน วันพฤหัสบดีที่ 11 มิถุนายน 2569', '498589c6-d94f-5588-9381-fe7765eac4af', 'active'),
  ('e1e8f1ce-32fb-5358-8e66-57943a859748', 'e1e8f1ce-32fb-5358-8e66-57943a859748', 'กำหนดการ', 'คณะสถาปัตยกรรมศาสตร์ พยาบาลศาสตร์ สัตวแพทยศาสตร์ และทันตแพทยศาสตร์ ต้องรายงานตัววันไหน', 'กำหนดให้ผู้รายงานตัวสังกัด คณะสถาปัตยกรรมศาสตร์, คณะพยาบาลศาสตร์, คณะสัตวแพทยศาสตร์ และคณะทันตแพทยศาสตร์ ดำเนินการจัดส่งเอกสารประกอบการรายงานตัวผ่านระบบออนไลน์ใน วันศุกร์ที่ 12 มิถุนายน 2569 ซึ่งเป็นวันสิ้นสุดระบบออนไลน์ล่วงหน้า', 'กำหนดให้ผู้รายงานตัวสังกัด คณะสถาปัตยกรรมศาสตร์, คณะพยาบาลศาสตร์, คณะสัตวแพทยศาสตร์ และคณะทันตแพทยศาสตร์ ดำเนินการจัดส่งเอกสารประกอบการรายงานตัวผ่านระบบออนไลน์ใน วันศุกร์ที่ 12 มิถุนายน 2569 ซึ่งเป็นวันสิ้นสุดระบบออนไลน์ล่วงหน้า', '498589c6-d94f-5588-9381-fe7765eac4af', 'active'),
  ('e1c6c8e6-dba1-5e26-b15c-6908071299d1', 'e1c6c8e6-dba1-5e26-b15c-6908071299d1', 'ตรวจสอบ', 'เจ้าหน้าที่ใช้เวลากี่วันในการตรวจเอกสาร และจะแจ้งผลอย่างไร', 'เจ้าหน้าที่จะดำเนินการตรวจสอบความครบถ้วนถูกต้องของเอกสารและข้อมูลในระบบภายใน 2 วันทำการ นับถัดจากวันที่ผู้รายงานตัวกดยืนยันการรายงานตัว โดยสำนักทะเบียนฯ จะแจ้งผลการตรวจสอบผ่านทาง SMS (สำหรับนักศึกษาไทย) หรือ Email (สำหรับนักศึกษาต่างชาติ)', 'เจ้าหน้าที่จะดำเนินการตรวจสอบความครบถ้วนถูกต้องของเอกสารและข้อมูลในระบบภายใน 2 วันทำการ นับถัดจากวันที่ผู้รายงานตัวกดยืนยันการรายงานตัว โดยสำนักทะเบียนฯ จะแจ้งผลการตรวจสอบผ่านทาง SMS (สำหรับนักศึกษาไทย) หรือ Email (สำหรับนักศึกษาต่างชาติ)', '5dc90435-82ab-5b14-b5f4-e2b5fc75d861', 'active'),
  ('039dbf75-521f-5a95-b781-a55b8e8b8892', '039dbf75-521f-5a95-b781-a55b8e8b8892', 'รูปถ่าย', 'ข้อกำหนดของไฟล์รูปถ่ายหน้าตรงเพื่อทำบัตรนักศึกษามีอะไรบ้าง', 'ต้องเป็นรูปถ่ายสีหน้าตรงเต็มหน้า สัดส่วน 3:4 พื้นหลังเรียบไม่มีลวดลาย ไม่สวมแว่นตาสีเข้ม/หมวก ทรงผมสุภาพไม่ปิดตา ไม่ทำสีผมฉูดฉาดตามแฟชั่น โกนหนวดเคราให้เรียบร้อย สวมชุดนักศึกษา มช. หรือเสื้อสุภาพมีปก ความละเอียดไม่น้อยกว่า 900x1200 px แต่ไม่เกิน 1200x1600 px ขนาดไฟล์ 100 kB ถึง 1 MB ประเภทไฟล์ JPG หรือ JPEG เท่านั้น และห้ามตกแต่งภาพด้วยวิธีการทางดิจิทัล (Retouch)', 'ต้องเป็นรูปถ่ายสีหน้าตรงเต็มหน้า สัดส่วน 3:4 พื้นหลังเรียบไม่มีลวดลาย ไม่สวมแว่นตาสีเข้ม/หมวก ทรงผมสุภาพไม่ปิดตา ไม่ทำสีผมฉูดฉาดตามแฟชั่น โกนหนวดเคราให้เรียบร้อย สวมชุดนักศึกษา มช. หรือเสื้อสุภาพมีปก ความละเอียดไม่น้อยกว่า 900x1200 px แต่ไม่เกิน 1200x1600 px ขนาดไฟล์ 100 kB ถึง 1 MB ประเภทไฟล์ JPG หรือ JPEG เท่านั้น และห้ามตกแต่งภาพด้วยวิธีการทางดิจิทัล (Retouch)', '1590cf83-43a0-5089-ae06-ee0a1594f378', 'active'),
  ('84d6e8c9-4f15-5318-a6a1-99774a8cc1d0', '84d6e8c9-4f15-5318-a6a1-99774a8cc1d0', 'ไอทีบัญชี', 'บัญชี CMU Account สามารถเริ่มเปิดใช้งานได้ตอนไหน', 'นักศึกษาจะเปิดใช้งานบัญชี CMU Account (@cmu.ac.th) ได้เมื่อระบบขึ้นสถานะ "การรายงานตัวสมบูรณ์" และปรากฏอีเมลในระบบเรียบร้อยแล้ว โดยให้คลิกลิงก์ที่ปรากฏในระบบเพื่อเปิดใช้งาน สำหรับนำไปใช้เข้าทดสอบความรู้ภาษาอังกฤษ (CMU-ePro) และระบบอื่น ๆ ของ ม.', 'นักศึกษาจะเปิดใช้งานบัญชี CMU Account (@cmu.ac.th) ได้เมื่อระบบขึ้นสถานะ "การรายงานตัวสมบูรณ์" และปรากฏอีเมลในระบบเรียบร้อยแล้ว โดยให้คลิกลิงก์ที่ปรากฏในระบบเพื่อเปิดใช้งาน สำหรับนำไปใช้เข้าทดสอบความรู้ภาษาอังกฤษ (CMU-ePro) และระบบอื่น ๆ ของ ม.', '5dc90435-82ab-5b14-b5f4-e2b5fc75d861', 'active'),
  ('7e77977d-f3b7-57a7-a2f2-b2bf3752a845', '7e77977d-f3b7-57a7-a2f2-b2bf3752a845', 'ค่าเทอม', 'ค่าธรรมเนียมการศึกษา (ค่าเทอม) ภาคเรียนที่ 1/2569 ต้องจ่ายวันไหน', 'ค่าธรรมเนียมการศึกษา ภาคการศึกษาที่ 1 ปีการศึกษา 2569 กำหนดให้ชำระภายหลังวันประกาศสรุปผลการลงทะเบียนเรียน ตั้งแต่วันจันทร์ที่ 6 ถึงวันศุกร์ที่ 10 กรกฎาคม 2569', 'ค่าธรรมเนียมการศึกษา ภาคการศึกษาที่ 1 ปีการศึกษา 2569 กำหนดให้ชำระภายหลังวันประกาศสรุปผลการลงทะเบียนเรียน ตั้งแต่วันจันทร์ที่ 6 ถึงวันศุกร์ที่ 10 กรกฎาคม 2569', '67f97bb4-e715-562e-9514-a5c0374e6058', 'active'),
  ('8464e14e-5935-5a40-a0db-cc1a4598eda0', '8464e14e-5935-5a40-a0db-cc1a4598eda0', 'กำหนดการ', 'กิจกรรมสำคัญของนักศึกษาใหม่ (สอบอังกฤษ, ปฐมนิเทศ, เปิดเทอม) มีวันไหนบ้าง', 'กำหนดการกิจกรรมสำคัญของนักศึกษาใหม่ประจำปีการศึกษา 2569 มีดังนี้: 1. ทดสอบภาษาอังกฤษ (CMU-ePro) วันที่ 15-16 มิถุนายน 2569 2. ปฐมนิเทศนักศึกษาใหม่ วันพุธที่ 17 มิถุนายน 2569 3. ลงทะเบียนกระบวนวิชาเพิ่มเติม วันที่ 18-19 มิถุนายน 2569 4. เปิดภาคเรียนและเข้าชั้นเรียนวันแรก วันจันทร์ที่ 22 มิถุนายน 2569', 'กำหนดการกิจกรรมสำคัญของนักศึกษาใหม่ประจำปีการศึกษา 2569 มีดังนี้: 1. ทดสอบภาษาอังกฤษ (CMU-ePro) วันที่ 15-16 มิถุนายน 2569 2. ปฐมนิเทศนักศึกษาใหม่ วันพุธที่ 17 มิถุนายน 2569 3. ลงทะเบียนกระบวนวิชาเพิ่มเติม วันที่ 18-19 มิถุนายน 2569 4. เปิดภาคเรียนและเข้าชั้นเรียนวันแรก วันจันทร์ที่ 22 มิถุนายน 2569', '67f97bb4-e715-562e-9514-a5c0374e6058', 'active')
on conflict (id) do update set
  category = excluded.category,
  faq_code = excluded.faq_code,
  question = excluded.question,
  answer = excluded.answer,
  answer_short = excluded.answer_short,
  source_id = excluded.source_id,
  status = excluded.status;

delete from public.faq_aliases where faq_id in (
  '02bf516b-f95e-50e9-bffb-0674c6c6bf3d',
  '71664f95-ed33-5e0f-9b1d-af424a3e7b03',
  '147fbada-aeff-5842-ad0a-ae2e11976146',
  'f4ba9841-36a6-530c-b7fd-4bb9b0a36a65',
  '5d92ff34-91f2-5ad2-9176-f3c8b2e5c999',
  'e0a288b0-b46f-57c4-81e0-3d030e881da1',
  '5a003106-fd5f-55f8-91cb-dd358d6368ea',
  'a771b52d-db49-53a3-88eb-f38963b03812',
  '27ae2505-5a95-5bc5-a30a-df26f3a7e57f',
  'e1e8f1ce-32fb-5358-8e66-57943a859748',
  'e1c6c8e6-dba1-5e26-b15c-6908071299d1',
  '039dbf75-521f-5a95-b781-a55b8e8b8892',
  '84d6e8c9-4f15-5318-a6a1-99774a8cc1d0',
  '7e77977d-f3b7-57a7-a2f2-b2bf3752a845',
  '8464e14e-5935-5a40-a0db-cc1a4598eda0'
);

insert into public.faq_aliases (faq_id, alias)
values
  ('02bf516b-f95e-50e9-bffb-0674c6c6bf3d', 'ลงทะเบียนวันไหน'),
  ('02bf516b-f95e-50e9-bffb-0674c6c6bf3d', 'เริ่มกรอกประวัติตอนไหน'),
  ('02bf516b-f95e-50e9-bffb-0674c6c6bf3d', 'สมัครบัญชีใหม่ยังไง'),
  ('02bf516b-f95e-50e9-bffb-0674c6c6bf3d', 'สร้างบัญชีรายงานตัว'),
  ('71664f95-ed33-5e0f-9b1d-af424a3e7b03', 'พิมพ์ใบรายงานตัวได้ตอนไหน'),
  ('71664f95-ed33-5e0f-9b1d-af424a3e7b03', 'มชท 01 โหลดวันไหน'),
  ('71664f95-ed33-5e0f-9b1d-af424a3e7b03', 'สั่งพิมพ์ มชท01'),
  ('147fbada-aeff-5842-ad0a-ae2e11976146', 'ยืนยันตัวตนยังไง'),
  ('147fbada-aeff-5842-ad0a-ae2e11976146', 'ยืนยันตัวตนแบบไหนได้บ้าง'),
  ('147fbada-aeff-5842-ad0a-ae2e11976146', 'ตรวจสอบตัวตน'),
  ('f4ba9841-36a6-530c-b7fd-4bb9b0a36a65', 'กลุ่ม A คืออะไร'),
  ('f4ba9841-36a6-530c-b7fd-4bb9b0a36a65', 'กลุ่ม B คืออะไร'),
  ('f4ba9841-36a6-530c-b7fd-4bb9b0a36a65', 'ทำไมได้กลุ่ม B'),
  ('f4ba9841-36a6-530c-b7fd-4bb9b0a36a65', 'รหัสกลุ่ม'),
  ('5d92ff34-91f2-5ad2-9176-f3c8b2e5c999', 'เอกสารกลุ่ม A'),
  ('5d92ff34-91f2-5ad2-9176-f3c8b2e5c999', 'กลุ่มเอใช้อะไรบ้าง'),
  ('5d92ff34-91f2-5ad2-9176-f3c8b2e5c999', 'ลิสต์เอกสารกลุ่มเอ'),
  ('e0a288b0-b46f-57c4-81e0-3d030e881da1', 'เอกสารกลุ่ม B'),
  ('e0a288b0-b46f-57c4-81e0-3d030e881da1', 'กลุ่มบีใช้อะไรบ้าง'),
  ('e0a288b0-b46f-57c4-81e0-3d030e881da1', 'เอกสารเพิ่มเติมกลุ่มบี'),
  ('5a003106-fd5f-55f8-91cb-dd358d6368ea', 'วิศวะรายงานตัววันไหน'),
  ('5a003106-fd5f-55f8-91cb-dd358d6368ea', 'คณะแพทย์รายงานตัววันไหน'),
  ('5a003106-fd5f-55f8-91cb-dd358d6368ea', 'กำหนดการวิศวะ'),
  ('a771b52d-db49-53a3-88eb-f38963b03812', 'มนุษย์รายงานตัววันไหน'),
  ('a771b52d-db49-53a3-88eb-f38963b03812', 'วิทยารายงานตัววันไหน'),
  ('a771b52d-db49-53a3-88eb-f38963b03812', 'คณะเกษตรรายงานตัว'),
  ('27ae2505-5a95-5bc5-a30a-df26f3a7e57f', 'บริหารรายงานตัววันไหน'),
  ('27ae2505-5a95-5bc5-a30a-df26f3a7e57f', 'นิตรายงานตัววันไหน'),
  ('27ae2505-5a95-5bc5-a30a-df26f3a7e57f', 'รัฐศาสตร์รายงานตัว'),
  ('e1e8f1ce-32fb-5358-8e66-57943a859748', 'สถาปัตย์รายงานตัววันไหน'),
  ('e1e8f1ce-32fb-5358-8e66-57943a859748', 'พยาบาลรายงานตัววันไหน'),
  ('e1e8f1ce-32fb-5358-8e66-57943a859748', 'ทันตะรายงานตัว'),
  ('e1c6c8e6-dba1-5e26-b15c-6908071299d1', 'ตรวจเอกสารกี่วันเสร็จ'),
  ('e1c6c8e6-dba1-5e26-b15c-6908071299d1', 'ผ่านไม่ผ่านดูตรงไหน'),
  ('e1c6c8e6-dba1-5e26-b15c-6908071299d1', 'จะรู้ผลรายงานตัวยังไง'),
  ('039dbf75-521f-5a95-b781-a55b8e8b8892', 'รูปทำบัตรนักศึกษา'),
  ('039dbf75-521f-5a95-b781-a55b8e8b8892', 'ถ่ายรูปบัตรยังไง'),
  ('039dbf75-521f-5a95-b781-a55b8e8b8892', 'สีผมรูปบัตร'),
  ('039dbf75-521f-5a95-b781-a55b8e8b8892', 'ขนาดรูปถ่าย'),
  ('84d6e8c9-4f15-5318-a6a1-99774a8cc1d0', 'เปิดอีเมล cmu ตอนไหน'),
  ('84d6e8c9-4f15-5318-a6a1-99774a8cc1d0', '@cmu.ac.th ทำยังไง'),
  ('84d6e8c9-4f15-5318-a6a1-99774a8cc1d0', 'เปิดบัญชีไอที'),
  ('7e77977d-f3b7-57a7-a2f2-b2bf3752a845', 'จ่ายค่าเทอมวันไหน'),
  ('7e77977d-f3b7-57a7-a2f2-b2bf3752a845', 'กำหนดการจ่ายเงินค่าเทอม'),
  ('7e77977d-f3b7-57a7-a2f2-b2bf3752a845', 'ค่าธรรมเนียมการศึกษา'),
  ('8464e14e-5935-5a40-a0db-cc1a4598eda0', 'สอบภาษาอังกฤษวันไหน'),
  ('8464e14e-5935-5a40-a0db-cc1a4598eda0', 'ปฐมนิเทศวันไหน'),
  ('8464e14e-5935-5a40-a0db-cc1a4598eda0', 'เปิดเทอมมชวันไหน'),
  ('8464e14e-5935-5a40-a0db-cc1a4598eda0', 'ปฏิทินเรียน')
;

delete from public.faq_keywords where faq_id in (
  '02bf516b-f95e-50e9-bffb-0674c6c6bf3d',
  '71664f95-ed33-5e0f-9b1d-af424a3e7b03',
  '147fbada-aeff-5842-ad0a-ae2e11976146',
  'f4ba9841-36a6-530c-b7fd-4bb9b0a36a65',
  '5d92ff34-91f2-5ad2-9176-f3c8b2e5c999',
  'e0a288b0-b46f-57c4-81e0-3d030e881da1',
  '5a003106-fd5f-55f8-91cb-dd358d6368ea',
  'a771b52d-db49-53a3-88eb-f38963b03812',
  '27ae2505-5a95-5bc5-a30a-df26f3a7e57f',
  'e1e8f1ce-32fb-5358-8e66-57943a859748',
  'e1c6c8e6-dba1-5e26-b15c-6908071299d1',
  '039dbf75-521f-5a95-b781-a55b8e8b8892',
  '84d6e8c9-4f15-5318-a6a1-99774a8cc1d0',
  '7e77977d-f3b7-57a7-a2f2-b2bf3752a845',
  '8464e14e-5935-5a40-a0db-cc1a4598eda0'
);

insert into public.faq_keywords (faq_id, keyword)
values
  ('02bf516b-f95e-50e9-bffb-0674c6c6bf3d', 'สร้างบัญชี'),
  ('02bf516b-f95e-50e9-bffb-0674c6c6bf3d', 'ทะเบียนประวัติ'),
  ('02bf516b-f95e-50e9-bffb-0674c6c6bf3d', 'กรอกประวัติ'),
  ('02bf516b-f95e-50e9-bffb-0674c6c6bf3d', 'ลงทะเบียนใหม่'),
  ('02bf516b-f95e-50e9-bffb-0674c6c6bf3d', 'ThaID'),
  ('02bf516b-f95e-50e9-bffb-0674c6c6bf3d', 'OTP'),
  ('02bf516b-f95e-50e9-bffb-0674c6c6bf3d', 'G-Code'),
  ('71664f95-ed33-5e0f-9b1d-af424a3e7b03', 'มชท 01'),
  ('71664f95-ed33-5e0f-9b1d-af424a3e7b03', 'มชท01'),
  ('71664f95-ed33-5e0f-9b1d-af424a3e7b03', 'พิมพ์เอกสาร'),
  ('71664f95-ed33-5e0f-9b1d-af424a3e7b03', 'ดาวน์โหลดใบรายงานตัว'),
  ('71664f95-ed33-5e0f-9b1d-af424a3e7b03', 'ปพ.1'),
  ('147fbada-aeff-5842-ad0a-ae2e11976146', 'ยืนยันตัวตน'),
  ('147fbada-aeff-5842-ad0a-ae2e11976146', 'พิสูจน์ตัวตน'),
  ('147fbada-aeff-5842-ad0a-ae2e11976146', 'ThaID'),
  ('147fbada-aeff-5842-ad0a-ae2e11976146', 'รูปถ่ายคู่บัตร'),
  ('147fbada-aeff-5842-ad0a-ae2e11976146', 'ถือบัตรประชาชน'),
  ('f4ba9841-36a6-530c-b7fd-4bb9b0a36a65', 'กลุ่ม A'),
  ('f4ba9841-36a6-530c-b7fd-4bb9b0a36a65', 'กลุ่ม B'),
  ('f4ba9841-36a6-530c-b7fd-4bb9b0a36a65', 'ทะเบียนราษฎร'),
  ('f4ba9841-36a6-530c-b7fd-4bb9b0a36a65', 'เอกสารเพิ่มเติม'),
  ('f4ba9841-36a6-530c-b7fd-4bb9b0a36a65', 'ประเภทนักศึกษา'),
  ('5d92ff34-91f2-5ad2-9176-f3c8b2e5c999', 'กลุ่ม A'),
  ('5d92ff34-91f2-5ad2-9176-f3c8b2e5c999', 'เอกสารกลุ่ม A'),
  ('5d92ff34-91f2-5ad2-9176-f3c8b2e5c999', 'อัปโหลดเอกสาร'),
  ('5d92ff34-91f2-5ad2-9176-f3c8b2e5c999', 'มชท 01'),
  ('5d92ff34-91f2-5ad2-9176-f3c8b2e5c999', 'รูปถ่ายบัตร'),
  ('5d92ff34-91f2-5ad2-9176-f3c8b2e5c999', 'ใบคุณวุฒิ'),
  ('e0a288b0-b46f-57c4-81e0-3d030e881da1', 'กลุ่ม B'),
  ('e0a288b0-b46f-57c4-81e0-3d030e881da1', 'เอกสารกลุ่ม B'),
  ('e0a288b0-b46f-57c4-81e0-3d030e881da1', 'สำเนาทะเบียนบ้าน'),
  ('e0a288b0-b46f-57c4-81e0-3d030e881da1', 'บัตรประชาชนพ่อแม่'),
  ('5a003106-fd5f-55f8-91cb-dd358d6368ea', 'วิศวกรรมศาสตร์'),
  ('5a003106-fd5f-55f8-91cb-dd358d6368ea', 'อุตสาหกรรมเกษตร'),
  ('5a003106-fd5f-55f8-91cb-dd358d6368ea', 'การสื่อสารมวลชน'),
  ('5a003106-fd5f-55f8-91cb-dd358d6368ea', 'แพทยศาสตร์'),
  ('5a003106-fd5f-55f8-91cb-dd358d6368ea', 'เภสัชศาสตร์'),
  ('5a003106-fd5f-55f8-91cb-dd358d6368ea', 'นวัตกรรมดิจิทัล'),
  ('5a003106-fd5f-55f8-91cb-dd358d6368ea', '9 มิถุนายน'),
  ('a771b52d-db49-53a3-88eb-f38963b03812', 'มนุษยศาสตร์'),
  ('a771b52d-db49-53a3-88eb-f38963b03812', 'วิทยาศาสตร์'),
  ('a771b52d-db49-53a3-88eb-f38963b03812', 'เกษตรศาสตร์'),
  ('a771b52d-db49-53a3-88eb-f38963b03812', 'เศรษฐศาสตร์'),
  ('a771b52d-db49-53a3-88eb-f38963b03812', 'เทคนิคการแพทย์'),
  ('a771b52d-db49-53a3-88eb-f38963b03812', 'ศิลปะ สื่อ และเทคโนโลยี'),
  ('a771b52d-db49-53a3-88eb-f38963b03812', '10 มิถุนายน'),
  ('27ae2505-5a95-5bc5-a30a-df26f3a7e57f', 'บริหารธุรกิจ'),
  ('27ae2505-5a95-5bc5-a30a-df26f3a7e57f', 'ศึกษาศาสตร์'),
  ('27ae2505-5a95-5bc5-a30a-df26f3a7e57f', 'วิจิตรศิลป์'),
  ('27ae2505-5a95-5bc5-a30a-df26f3a7e57f', 'นิติศาสตร์'),
  ('27ae2505-5a95-5bc5-a30a-df26f3a7e57f', 'สังคมศาสตร์'),
  ('27ae2505-5a95-5bc5-a30a-df26f3a7e57f', 'รัฐศาสตร์'),
  ('27ae2505-5a95-5bc5-a30a-df26f3a7e57f', 'รัฐประศาสนศาสตร์'),
  ('27ae2505-5a95-5bc5-a30a-df26f3a7e57f', '11 มิถุนายน'),
  ('e1e8f1ce-32fb-5358-8e66-57943a859748', 'สถาปัตยกรรมศาสตร์'),
  ('e1e8f1ce-32fb-5358-8e66-57943a859748', 'พยาบาลศาสตร์'),
  ('e1e8f1ce-32fb-5358-8e66-57943a859748', 'สัตวแพทยศาสตร์'),
  ('e1e8f1ce-32fb-5358-8e66-57943a859748', 'ทันตแพทยศาสตร์'),
  ('e1e8f1ce-32fb-5358-8e66-57943a859748', '12 มิถุนายน'),
  ('e1c6c8e6-dba1-5e26-b15c-6908071299d1', 'ตรวจสอบเอกสาร'),
  ('e1c6c8e6-dba1-5e26-b15c-6908071299d1', 'ประกาศผล'),
  ('e1c6c8e6-dba1-5e26-b15c-6908071299d1', 'ระยะเวลาตรวจ'),
  ('e1c6c8e6-dba1-5e26-b15c-6908071299d1', 'SMS'),
  ('e1c6c8e6-dba1-5e26-b15c-6908071299d1', 'แจ้งเตือน'),
  ('039dbf75-521f-5a95-b781-a55b8e8b8892', 'รูปถ่าย'),
  ('039dbf75-521f-5a95-b781-a55b8e8b8892', 'บัตรนักศึกษา'),
  ('039dbf75-521f-5a95-b781-a55b8e8b8892', 'ขนาดไฟล์'),
  ('039dbf75-521f-5a95-b781-a55b8e8b8892', 'พิกเซล'),
  ('039dbf75-521f-5a95-b781-a55b8e8b8892', 'สีผม'),
  ('039dbf75-521f-5a95-b781-a55b8e8b8892', 'ทรงผม'),
  ('039dbf75-521f-5a95-b781-a55b8e8b8892', 'การแต่งกาย'),
  ('84d6e8c9-4f15-5318-a6a1-99774a8cc1d0', 'CMU Account'),
  ('84d6e8c9-4f15-5318-a6a1-99774a8cc1d0', 'อีเมลมหาวิทยาลัย'),
  ('84d6e8c9-4f15-5318-a6a1-99774a8cc1d0', 'ไอทีมช'),
  ('84d6e8c9-4f15-5318-a6a1-99774a8cc1d0', '@cmu.ac.th'),
  ('7e77977d-f3b7-57a7-a2f2-b2bf3752a845', 'ค่าธรรมเนียมการศึกษา'),
  ('7e77977d-f3b7-57a7-a2f2-b2bf3752a845', 'จ่ายค่าเทอม'),
  ('7e77977d-f3b7-57a7-a2f2-b2bf3752a845', 'ชำระเงิน'),
  ('7e77977d-f3b7-57a7-a2f2-b2bf3752a845', '6-10 กรกฎาคม'),
  ('8464e14e-5935-5a40-a0db-cc1a4598eda0', 'กิจกรรมนักศึกษาใหม่'),
  ('8464e14e-5935-5a40-a0db-cc1a4598eda0', 'CMU-ePro'),
  ('8464e14e-5935-5a40-a0db-cc1a4598eda0', 'ปฐมนิเทศ'),
  ('8464e14e-5935-5a40-a0db-cc1a4598eda0', 'เปิดภาคเรียน'),
  ('8464e14e-5935-5a40-a0db-cc1a4598eda0', 'วันเข้าเรียน')
;
