insert into public.sources (id, name, url, source_type, last_verified_at)
values
  ('00000000-0000-0000-0000-000000000101', 'CMU Tuition Reference', 'https://example.edu/tuition', 'website', now()),
  ('00000000-0000-0000-0000-000000000102', 'CMU Registrar FAQ', 'https://example.edu/registrar', 'website', now()),
  ('00000000-0000-0000-0000-000000000103', 'CMU Library Guide', 'https://example.edu/library', 'website', now())
on conflict (id) do nothing;

insert into public.faqs (id, category, question, answer, source_id, status)
values
  (
    '00000000-0000-0000-0000-000000001001',
    'tuition',
    'ค่าเทอมวิศวะเท่าไร',
    'โปรดตรวจสอบอัตราค่าเล่าเรียนล่าสุดจากประกาศของมหาวิทยาลัยหรือคณะวิศวกรรมศาสตร์ เนื่องจากค่าเล่าเรียนขึ้นอยู่กับหลักสูตรและปีการศึกษา',
    '00000000-0000-0000-0000-000000000101',
    'active'
  ),
  (
    '00000000-0000-0000-0000-000000001002',
    'registration',
    'ลงทะเบียนเรียนได้ที่ไหน',
    'นักศึกษาสามารถลงทะเบียนเรียนผ่านระบบทะเบียนกลางของมหาวิทยาลัยตามช่วงเวลาที่ประกาศ',
    '00000000-0000-0000-0000-000000000102',
    'active'
  ),
  (
    '00000000-0000-0000-0000-000000001003',
    'registration',
    'เพิ่มถอนกระบวนวิชาทำอย่างไร',
    'การเพิ่มถอนกระบวนวิชาต้องดำเนินการผ่านระบบทะเบียนภายในกำหนดการที่มหาวิทยาลัยประกาศ',
    '00000000-0000-0000-0000-000000000102',
    'active'
  ),
  (
    '00000000-0000-0000-0000-000000001004',
    'library',
    'ยืมหนังสือห้องสมุดได้กี่วัน',
    'ระยะเวลาการยืมหนังสือขึ้นอยู่กับประเภทสมาชิกและประเภททรัพยากร โปรดตรวจสอบจากคู่มือห้องสมุดล่าสุด',
    '00000000-0000-0000-0000-000000000103',
    'active'
  ),
  (
    '00000000-0000-0000-0000-000000001005',
    'student-services',
    'ขอใบรับรองนักศึกษาได้ที่ไหน',
    'นักศึกษาสามารถขอใบรับรองนักศึกษาผ่านช่องทางที่สำนักทะเบียนและประมวลผลกำหนด',
    '00000000-0000-0000-0000-000000000102',
    'active'
  )
on conflict (id) do nothing;

insert into public.faq_aliases (faq_id, alias)
values
  ('00000000-0000-0000-0000-000000001001', 'ค่าเล่าเรียนวิศวะ'),
  ('00000000-0000-0000-0000-000000001002', 'สมัครเรียนวิชา'),
  ('00000000-0000-0000-0000-000000001003', 'ถอนวิชา'),
  ('00000000-0000-0000-0000-000000001004', 'ยืมหนังสือได้นานไหม'),
  ('00000000-0000-0000-0000-000000001005', 'ขอหนังสือรับรอง')
on conflict do nothing;

insert into public.faq_keywords (faq_id, keyword)
values
  ('00000000-0000-0000-0000-000000001001', 'ค่าเทอม'),
  ('00000000-0000-0000-0000-000000001002', 'ลงทะเบียน'),
  ('00000000-0000-0000-0000-000000001003', 'เพิ่มถอน'),
  ('00000000-0000-0000-0000-000000001004', 'ห้องสมุด'),
  ('00000000-0000-0000-0000-000000001005', 'ใบรับรอง')
on conflict do nothing;
